,y,z,phi,vy,vz,phi_dot
0,1.0,1.0,0.0,0.0,0.0,0.0
1,0.9999999149118272,1.0000275575249842,0.0009854678560920556,-3.403526797272126e-05,0.005511498288676971,0.19709357121841053
2,0.9999983151060581,1.0005241213688632,0.0012102320827930132,-0.00029290817878839835,0.09380126160234382,-0.15214072587821909
3,0.9999953759019206,1.0009961987326499,-0.0020573448624247545,-0.00029225707521587485,0.0006142104889968894,-0.5013746631653324
4,0.9999961991286875,1.0014437139056696,-0.00881726284932005,0.0006668807338460173,0.08888771905474216,-0.8506089342137224
5,1.0000139939900545,1.002773592166788,-0.01906951963349822,0.003210417039091871,0.17708354993989953,-1.1998424226219047
6,1.0000678624855508,1.0049854494332848,-0.03281411210027912,0.00799003650047066,0.26527690465862447,-1.5490760707342686
7,1.0001833907483244,1.0080788901701043,-0.04989496860872626,0.01564572778256526,0.35338939210940734,-1.8670952309551514
8,1.0003918485524839,1.0120527646926367,-0.06681978989355421,0.026570692979015185,0.4413547561678827,-1.5178690260104277
9,1.0007242147744222,1.0169053685707292,-0.08025232467021923,0.04031869736216379,0.5291352893773187,-1.1686379293225655
10,1.0012054567014317,1.0226348515144321,-0.09019256788254258,0.056237341600903226,0.6167349626008151,-0.8194107131421019
11,1.0018540332255328,1.0292396262104584,-0.09664052749892353,0.0736773862011136,0.7042012576888323,-0.47018121013408654
12,1.0026819147948074,1.036718623859666,-0.09959621898019579,0.0919903029355731,0.7915892615661176,-0.12095708612036006
13,1.0036945851198162,1.0450713172622161,-0.09905967235758155,0.11052717705500341,0.8789510746628032,0.22826641064320685
14,1.0048910472970967,1.054297787635262,-0.09503087447387915,0.1286406972158065,0.9663551480683314,0.5774931660972696
15,1.0062638275874984,1.0643987631517,-0.08750979537291775,0.1456826984130311,1.053861290528476,0.9267226540950061
16,1.0077989656877757,1.0753755169023365,-0.07649641427932682,0.1610039502809576,1.1415175430940872,1.2759535646231746
17,1.0094760020934332,1.0872297154503003,-0.061990721505556234,0.1739538041757814,1.229353422045775,1.625184990130934
18,1.0112679637990014,1.0999632053700281,-0.04399271178079878,0.18388022964567594,1.3173742730508784,1.9744169548205475
19,1.0131413515958039,1.1135777338428519,-0.022502380594796045,0.19013012077480052,1.4055537293866085,2.3236492823799875
20,1.0150561334802264,1.1280746010916456,0.0024802771882086122,0.19205022790128604,1.4938276250120432,2.6728822742209295
21,1.0169657502507279,1.1434542429445083,0.03095527029723167,0.18898868983306652,1.5820861128571715,3.022116347583665
22,1.0188171410301003,1.159715732541309,0.06292260465351558,0.18029751203695205,1.6701653846043136,3.3713505236730983
23,1.0205507977905168,1.1768562204892428,0.09838227921311947,0.16533588784682246,1.7578436529222146,3.7205843882476617
24,1.022100857454507,1.1948703228809354,0.13733429239787726,0.14347441923691512,1.844834757234411,4.069818248703871
25,1.0233952424626382,1.213749440952402,0.17977864423598552,0.11410061423634349,1.9307809072264919,4.4190521189177545
26,1.0243558619775754,1.2334810178941327,0.22571533488981743,0.07662552295727804,2.015247394686999,4.768286011848599
27,1.0248988862080108,1.2540477429143277,0.2751443640947776,0.03049174043705905,2.0977173626731855,5.1175198291434025
28,1.0249351066719592,1.275426710622993,0.3280657314068764,-0.02481740688143699,2.177588134245834,5.466753633276321
29,1.0245145529761344,1.2971893908975876,0.3844794370269162,-0.06018775306459322,2.1746152368486453,5.81598749073161
30,1.02389746539926,1.3184806055394394,0.44438548010234763,-0.06330046569212686,2.0835966030480453,6.165221124354637
31,1.0232642703510584,1.3388264508537773,0.5077838411319779,-0.06333934114459992,1.9855720489257744,6.514451081571396
32,1.0226308710557759,1.3581916813899853,0.5746745178134487,-0.06334054016443262,1.8874740449449892,6.86368425472273
33,1.0219974566940815,1.3765759349970854,0.6450575253761488,-0.06334236279277909,1.7893766550894092,7.2129172578172955
34,1.0213640199211422,1.3939792181606636,0.718932862271208,-0.063345032299086,1.6912799447500326,7.562150121194482
35,1.0207305504946806,1.4104015383447017,0.796300527290716,-0.06334890582641893,1.5931840420987817,7.91138288270708
36,1.0200968179329686,1.425843104629526,0.8771605060443726,-0.06339820632622764,1.4951285503176004,8.2606128680242
37,1.0194624594701749,1.4403041857783683,0.9615127897536231,-0.06347430244092739,1.3970866094154182,8.609843873825834
38,1.0188266089942695,1.4537852779050522,1.0493573821873583,-0.06369787062864214,1.2991285420488978,8.959074612921164
39,1.0181877622752833,1.4662870627875055,1.140694280731909,-0.06407442855852402,1.201222701028181,9.308305095988878
40,1.0175445356488173,1.4778098357595888,1.235523479482158,-0.06457407771539819,1.103323994945961,9.65753465406095
41,1.0168965529564016,1.4883532760771423,1.333844976557883,-0.06502463462072489,1.0053566838834131,10.00676476108398
42,1.0162451582321375,1.497916579658659,1.4356587616962526,-0.06525504700051178,0.9073001217990219,10.355992266589887
43,1.0155918780410185,1.5064991543347643,1.5409648227795776,-0.06540120378613652,0.8092122477237863,10.705219950075088
44,1.0149373382094764,1.5141007735702656,1.649763157467185,-0.06550671583376354,0.7111096857484436,11.054446987446328
45,1.0142818758172816,1.5207213243321092,1.7620537778597807,-0.06558556223250914,0.6129989907149547,11.403677091072742
46,1.013625699908526,1.5263607393953618,1.8778366805475655,-0.06564930670889495,0.5148827916103097,11.752903446484213
47,1.012969014717537,1.531018997940613,1.9971118674077015,-0.06568744045147464,0.41676815922578425,12.102133925542995
48,1.0123120078071046,1.5346961127329029,2.1198793568701007,-0.06571365716082282,0.31865426270391106,12.451363966936674
49,1.0116547722167704,1.5373920889356816,2.2461391428430044,-0.06573317258108709,0.22054056710747674,12.800593227643999
50,1.0109973728719888,1.5391069355034328,2.375891217325949,-0.06574643443931398,0.12242845960049908,13.149821668944819
51,1.0103398700010193,1.539840676312684,2.509135576140089,-0.06575394149578984,0.024319535511322637,13.499050093883202
52,1.009682318958573,1.5395933541951525,2.645872234486718,-0.06575618615804121,-0.07378401017872674,13.848281575442392
53,1.0090247495809384,1.5383649985049812,2.7861011999561267,-0.06575761569519756,-0.1718871612683331,14.197511518439207
54,1.008367169852242,1.5361556156600638,2.929822459513144,-0.06575827583443951,-0.26998942352692645,14.546740392964193
55,1.007709585737503,1.532965213176874,3.077035999802909,-0.06575850648575511,-0.36809107876750646,14.89596766498855
56,1.0070520005863273,1.5287937964841456,3.2277417962148545,-0.06575849408195658,-0.46619225946311393,15.245191617400371
57,1.006394416190725,1.523641369930766,3.3796031225217242,-0.06575836507394185,-0.5642930479471383,15.127073643973535
58,1.0057368516945187,1.5175078748245545,3.5291277348479464,-0.0657542145042496,-0.6624058698584455,14.777848821270862
59,1.005079336067218,1.5103932592833387,3.6751600968693654,-0.06574863745147158,-0.7605171026299206,14.428623583012886
60,1.0044218850386948,1.502297534468267,3.8177002038772496,-0.06574131671146126,-0.8586276864383361,14.07939781856391
61,1.0037645163916895,1.4932207071238748,3.9567480507009374,-0.06573218352592439,-0.9567375707403092,13.73017154617349
62,1.0031072518667186,1.4831627821399165,4.092303632065472,-0.06572050467649906,-1.0548471621402467,13.380944726733375
63,1.0024501287097862,1.4721237573598935,4.22436694222841,-0.06570390063734996,-1.152957428320389,13.031717305854192
64,1.0017980489749783,1.4601013187355056,4.352937974996011,-0.06470236828552843,-1.2515088304275528,12.682489247665837
65,1.0012200467645627,1.4470730511275713,4.478016723575847,-0.05080949918975058,-1.3538550088149528,12.333260468301328
66,1.0008062736112486,1.4330255131612928,4.5996031775124155,-0.031877916987539015,-1.4552688603840676,11.984030319012197
67,1.0005681752963467,1.4179764136577517,4.717697318714349,-0.015724696011026627,-1.55423303492312,11.63479792137485
68,1.0004445592798301,1.4019450572237622,4.832299152131673,-0.009006576031692219,-1.6519099046928059,11.285568762090058
69,1.0003547588324053,1.3849355002408057,4.943408699479862,-0.008953687306253075,-1.75000051226949,10.93634070754748
70,1.0002992779781545,1.3669543171449474,5.05102596619521,-0.002178096889419894,-1.8461145508692247,10.587112635522182
71,1.0005119952796413,1.3480946068896622,5.155150947428779,0.044388471694139384,-1.9250191914808361,10.237883611191029
72,1.0013665127768334,1.328565921331153,5.255783619558882,0.12578100261952108,-1.9793524796229205,9.888650814829385
73,1.0031498428850463,1.3086232524782466,5.352923962770031,0.22975246325245244,-2.0074975903741974,9.53941782740045
74,1.0060387612854156,1.288528278604506,5.446571973946448,0.3465340349026733,-2.009674016558158,9.190184407882704
75,1.0101221599414967,1.2685338190620563,5.536727647056617,0.4683367391047476,-1.9873872325016997,8.840950214151219
76,1.015417947258964,1.2488715487008384,5.623390978317413,0.5887673218499772,-1.9433268969371402,8.491716038007718
77,1.0218558672824412,1.229699642167175,5.706561967670729,0.696711428974285,-1.8895576890861252,8.142481832655417
78,1.029309786368645,1.2111079680235153,5.786240614610007,0.7919456127712545,-1.8275120696819669,7.793247555200097
79,1.0376521031834747,1.193172217393432,5.862426918829177,0.8743968776043272,-1.7585907652353565,7.4440132886338946
80,1.0467547263377188,1.1759530880188058,5.935120880256432,0.9440401424308776,-1.6843910181629633,7.0947789968171255
81,1.0564908087833307,1.1594970572593282,6.004322498760665,1.001142485801612,-1.6061562485919794,6.745544704029578
82,1.0667372985506478,1.1438406234657275,6.070031774332061,1.0461882742633837,-1.5246369245642952,6.396310410249524
83,1.077375997948012,1.129012729267382,6.13224870846628,1.0796628005107687,-1.4405945590683753,6.047076416594248
84,1.0882937073408594,1.1150347726006626,6.190973302228852,1.10207892100946,-1.3547771558196129,5.697842335920179
85,1.099382571787031,1.101920894653438,6.246205554780316,1.1139910050734403,-1.2678885745798218,5.34860817437284
86,1.1105405091895713,1.0896786174955686,6.297945465544725,1.1159973047809515,-1.1805493690835094,4.999373978508709
87,1.12167160481613,1.0783098571988698,6.346193034320705,1.1087309991388268,-1.093260949226286,4.650139776686813
88,1.1326864036221247,1.0678119071979568,6.390948260919085,1.0928493939502522,-1.0064473584680385,4.300905542989396
89,1.1435021106543686,1.058178288216705,6.432211145036341,1.0690258249830593,-0.9204401332209584,3.9516712804617984
90,1.1540427069694053,1.049399665488697,6.469981686460818,1.0379410075673858,-0.8354799646037872,3.6024370044337317
91,1.1642389929651629,1.0414646934087386,6.504259885071732,1.0002772285209622,-0.7517295090685954,3.253202717749043
92,1.1740285718736696,1.0343607933505428,6.535045740784662,0.9567120861932157,-0.6692739299466004,2.903968424837042
93,1.183355840335372,1.0280746691585956,6.5623392543914365,0.9079263985018644,-0.5881727384369887,2.554734296517915
94,1.1921718970265571,1.0225929785733192,6.5861404264301955,0.8545792202741385,-0.5083769193574346,2.205500111233894
95,1.2004343857176178,1.0179030797535262,6.606449256305731,0.7973204627958369,-0.429796586041305,1.8562658638729508
96,1.2081073874764576,1.0139934610795913,6.623265743522242,0.7367877048388463,-0.35229675030886654,1.5070315794290456
97,1.2151664473931836,1.0108398222748285,6.636589887844548,0.6746426849597322,-0.27856897150011917,1.1577972850322324
98,1.2216082286275192,1.0083804846490063,6.646421689396646,0.6134460098190161,-0.21339880160806354,0.8085630253870603
99,1.2274463511198317,1.0065300144005778,6.6527611485106055,0.5540149857511439,-0.15675802251123078,0.4593287974046264
100,1.2327017834198448,1.0052042284432028,6.655608265911415,0.49700198633502407,-0.10842621466223978,0.11009468275733593
101,1.2374020281680451,1.0043198859172429,6.65496304224329,0.44306181377322296,-0.06843649167904316,-0.2391394163824173
102,1.2415806177932327,1.0037934814893104,6.650825533018591,0.39274557295645307,-0.0368097069928456,-0.588362428557521
103,1.2452761579092582,1.003541093924685,6.643195760648277,0.34651670665649953,-0.013609037877221957,-0.9375920455053037
104,1.248525927685734,1.003492721200109,6.6320736731246015,0.30365177181873443,0.004013926079676481,-1.2868254592298036
105,1.2513578873562476,1.003612809492905,6.617459247292111,0.263018308622934,0.0201026729088073,-1.636059707268391
106,1.2537940983009275,1.0038923654822127,6.599352478770686,0.22456768845552752,0.03592452164400455,-1.985293997016907
107,1.2558585944609968,1.0043281685492744,6.577753367761357,0.1887402907146403,0.05136501851224416,-2.3345282048489886
108,1.257579717850897,1.0049157435208977,6.55266191681622,0.15595705584499248,0.06628701871550487,-2.6837619841784024
109,1.2589899288695157,1.0056490289641133,6.524078130615161,0.12662027301267498,0.08050976892398709,-3.032995256033596
110,1.260125553744048,1.0065200768746512,6.492002008121861,0.10110041583501174,0.09383617585173476,-3.3822292426261793
111,1.2610264200604238,1.0075189868829537,6.456545295971982,0.07972489956672096,0.10607207499327952,-3.709113187349529
112,1.2617350359684554,1.0086339696834208,6.421199938794004,0.06264070399350088,0.11702520313347865,-3.359958248246276
113,1.262292807052271,1.0098508014484906,6.389346117834767,0.04948415352202585,0.12641106521181658,-3.010805943601159
114,1.2627364055514494,1.0111542439796044,6.360983815791142,0.039736674146101714,0.1343235767794585,-2.661654465123491
115,1.2630974457450646,1.0125309601971408,6.33611303983145,0.03290587668295522,0.14104803213037018,-2.3125007268148177
116,1.2634028707696456,1.0139698864514488,6.314733825134239,0.02854900659665974,0.1467527863090845,-1.963342212627609
117,1.263675410232802,1.0154587874050316,6.296846226597983,0.026264113293469612,0.15103425184480604,-1.614177494623423
118,1.2639337733418283,1.0169777274675813,6.282450317465498,0.02564801154259636,0.15275526677052256,-1.2650043318737583
119,1.2641924948268444,1.0184956873107776,6.2715462243182145,0.026271079138271744,0.15083558988075724,-0.9158142975828107
120,1.2644618423262342,1.0199743690438672,6.264134211127972,0.02771227377302918,0.14489898963008568,-0.5665883404651658
121,1.2647480977908145,1.0213750864845437,6.260214403452166,0.029596600065176216,0.13524327419807675,-0.2173731946960594
122,1.2650540624151863,1.0226641507065952,6.259786567920852,0.03160241621640562,0.12256942789465139,0.131806088433143
123,1.2653795541420072,1.023816927544568,6.262850335116743,0.033453282693154916,0.10798687984083544,0.4809473507451207
124,1.2657217549667297,1.0248220615309924,6.269404657225845,0.034896044994502676,0.09304148293346046,0.8299170710756318
125,1.2660754130064589,1.0256861520044043,6.277344305363241,0.035723301228757526,0.07977770912794956,0.7580125564033987
126,1.2664342433985623,1.0264365272259925,6.283180135803476,0.03595658208744352,0.07029757211101398,0.4091535316433846
127,1.2667933134226115,1.027113264440543,6.2855271811163735,0.03582110130676296,0.06504982202671454,0.06025553093596877
128,1.2671504231234123,1.0277513233733664,6.284695605463764,0.03561409031497297,0.06256199196190694,-0.22657066145783034
129,1.2675060612536806,1.0283677705863188,6.284166850732381,0.035522019207956855,0.0607274597247472,0.12081971518127785
130,1.267860692915668,1.0289619877555585,6.284465420544576,0.03539956152477959,0.05811596831758817,-0.0611057527421367
131,1.2682141229395263,1.029531590019658,6.284481296006184,0.03528618979910186,0.05580448419184904,0.06428084506363034
132,1.2685663064941033,1.0300779002825868,6.28456370690246,0.03514920593325298,0.053457566561532825,-0.04779866580859557
133,1.268917173257134,1.0306019653110488,6.284587667795701,0.03502376330703707,0.051355438617094,0.05259084445678133
134,1.2692666905023287,1.0311046371757984,6.284659619185368,0.034878535427094126,0.04917893262613699,-0.03820056652329873
135,1.269614795599761,1.031586638952088,6.284686355265404,0.034742055647224046,0.04722142201198015,0.04354778253064948
136,1.2699614550429688,1.032048762663957,6.284750387301967,0.0345888076076738,0.04520331875175741,-0.030741375218023823
137,1.2703066120747826,1.032491691233406,6.2847788788653185,0.03444214156486754,0.043382394431375655,0.03643968788811012
138,1.2706502329035716,1.0329161725840468,6.284836306126724,0.03428110314122161,0.041513874174380426,-0.02495423560695662
139,1.2709922657713808,1.033322859243981,6.284865567329137,0.03412500024396483,0.03982345704241436,0.030806476089604563
140,1.271332677212634,1.0337124582184791,6.2849173895058685,0.033956455631284806,0.038096336415708816,-0.02044204074335909
141,1.2716714198313848,1.0340855916270593,6.284946690466041,0.033791596695581995,0.03653034448782625,0.02630223277755012
142,1.2720084609450972,1.034442925565025,6.284993673069975,0.03361587036232194,0.03493644174013142,-0.01690571199087078
143,1.2723437570322425,1.0347850504329412,6.285022480926075,0.03344288301029227,0.03348853100643681,0.022667283210980937
144,1.2726772765262648,1.035112591273369,6.285065216385655,0.03326032753172092,0.03201963578732246,-0.014120191294763893
145,1.2730089794007333,1.0354261055398375,6.285093145133195,0.03307979694767526,0.030683216661025844,0.019705940802978862
146,1.2733388354441106,1.0357261773640165,6.28513209734927,0.03289078363677894,0.029331146954262116,-0.011915497588162672
147,1.2736668078253306,1.036013330404493,6.285158870114511,0.03270326036840618,0.028099460299976734,0.017270050636309826
148,1.2739928678563677,1.0362881083525703,6.28519440736185,0.03250817216916624,0.02685612816527444,-0.01016260116835761
149,1.2743169816617834,1.036551000643947,6.285219812013707,0.03231417834852221,0.02572232928515128,0.015243531539499248
150,1.2746391222058175,1.0368025112905153,6.285252230691997,0.032113406586077926,0.024579798947900366,-0.008759795881772371
151,1.2749592583695804,1.037043095473122,6.285276170322361,0.031913438914078184,0.02353703677273713,0.013547721954786048
152,1.2752773648140243,1.037273218529899,6.285305714708627,0.03170737209169586,0.022487573571225064,-0.007638844701509205
153,1.2755934130091884,1.0374933016999297,6.28532807715421,0.031501904887603516,0.021529059666819096,0.012111333818095486
154,1.2759073793757145,1.0377037728531893,6.2853549498177905,0.03129093336666945,0.0205651700429809,-0.006736801101987
155,1.2762192378329005,1.0379050199088191,6.285375680490577,0.031080422167795115,0.01968424035369032,0.01088293565905164
156,1.276528966581971,1.0380974346417153,6.28540005347424,0.03086493274515053,0.018798705352349954,-0.006008338926260201
157,1.2768365418676813,1.038281372517916,6.28541912353778,0.030649815175288794,0.01798886920246633,0.009822351634255232
158,1.277141943674883,1.0384571907235511,6.285441145476465,0.030430189194441685,0.017174771120284787,-0.0054179638973041785
159,1.277445150463366,1.0386252133530975,6.285458545624976,0.030210886170312697,0.016429754151719954,0.00889799359939388
160,1.277746143990889,1.0387857646157341,6.285478347058479,0.02998749805353223,0.01568049763988041,-0.004937706898893713
161,1.2780449048320126,1.0389391384863758,6.285494082935226,0.02976441468931893,0.014994275902249906,0.008084882248265077
162,1.2783414164959432,1.039085627889183,6.285511780384132,0.029537630780727405,0.014303603991569467,-0.004545392466884241
163,1.278635661579471,1.0392254980652662,6.28552586903539,0.029311157062081334,0.013670430692428622,0.0073631227186604555
164,1.2789276253134523,1.039359012402615,6.285541567969469,0.029081334725968574,0.013032436177046093,-0.004223335903159232
165,1.2792172922303657,1.0394864088956213,6.285554035125533,0.028851846035518207,0.012446861946602767,0.006716767116093096
166,1.2795046492464812,1.0396079231809425,6.285567832161827,0.028619332964796598,0.011855994583801729,-0.003957359857231378
167,1.279789682748206,1.0397237675659086,6.2855787101967024,0.028387190508989805,0.011312881987936117,0.006132966832748798
168,1.2800723812959982,1.0398341517376608,6.285590694786376,0.028152324197833527,0.010763951894048877,-0.00373604889776542
169,1.2803527330523021,1.0399392639233669,6.285600021150521,0.027917875362560886,0.010258484882236794,0.005601321726891099
170,1.2806307281767022,1.0400392896624637,6.2856102768485185,0.027680982711693097,0.009746662532703593,-0.0035501821273574126
171,1.2809063565330034,1.0401343947340276,6.285618092858597,0.02744456137213653,0.009274351471675258,0.005113384143072636
172,1.2811796098319375,1.040224742316484,6.285626698281704,0.027205958403326243,0.00879516467776113,-0.0033922995219627964
173,1.2814504795667436,1.0403104773789205,6.285633048179761,0.026967885206252384,0.008351847557269941,0.004662279133628715
174,1.2817189589491385,1.0403917424970286,6.285640077732283,0.026727876867543316,0.007901175783415686,-0.0032563686292181562
175,1.2819850410322975,1.040468663457582,6.285645007949288,0.02648845949881708,0.007483016130266437,0.004242412030210891
176,1.2822487204771806,1.04054136395186,6.285650532376493,0.026247339545632947,0.007057082503491851,-0.00313752658945544
177,1.282509991829604,1.040609952187546,6.285654090950288,0.026006872991580204,0.006660564491040037,0.003849241348385363
178,1.2827688511469395,1.0406745346400204,6.285658177764675,0.02576492393171377,0.0062559258392845315,-0.0030318784708232424
179,1.283025294402395,1.040735203504827,6.2856604138739245,0.02552369073995298,0.005877847032018282,0.0034791003204729582
180,1.2832793189962388,1.0407920496518965,6.285663127688288,0.02528118383273676,0.005491382272261027,-0.0029363374479249083
181,1.283530922265764,1.040845150785456,6.2856640912744375,0.025039454375851988,0.005128844400773606,0.0031290546780837858
182,1.283780102900275,1.040894583715643,6.285665494068081,0.024796649677410035,0.004757741579860638,-0.0028484959493861963
183,1.284026859539707,1.040940413121992,6.2856652355232985,0.024554682421078597,0.0044081397003497644,0.002796786992930854
184,1.284271192108484,1.0409827032303847,6.285665386862069,0.0243118288688804,0.004049881972117811,-0.002766519238841688
185,1.2845131004895456,1.041021507101587,6.285663956765741,0.024069870644731022,0.003710892326042022,0.0024804999730752854
186,1.284752585788703,1.0410568777786424,6.2856629139886895,0.023827206175862845,0.003363243127278547,-0.002689055383286446
187,1.284989649074025,1.0410888580436852,6.2856603628813295,0.0235854924586863,0.0030328099840850986,0.002178833911243706
188,1.2852242925793729,1.041117491081414,6.2856581812657675,0.02334324415697028,0.0026937976498073923,-0.002615157023725741
189,1.2854565185017768,1.0411428106660432,6.285654559450783,0.023101999345056856,0.00237011942176121,0.0018907940270798214
190,1.2856863301503862,1.0411648513697735,6.285651292362888,0.022860383612862235,0.0020380214558682348,-0.0025442116061789736
191,1.2859137307967,1.0411836391567724,6.28564664972916,0.02261982131049442,0.0017195361301899721,0.0016156848607823701
192,1.2861387247731282,1.0411992011532116,6.285642348759877,0.02237904406187117,0.0013928633301929835,-0.002475878717202968
193,1.2863613163727654,1.0412115566371682,6.285636734626543,0.02213936736223346,0.001078233685442023,0.0013530520501175653
194,1.286581510900124,1.0412207263759485,6.28563144972468,0.021899624233595656,0.0007557142816803287,-0.002410032422385103
195,1.2867993136185911,1.0412267240104471,6.2856249126976325,0.021661026000357943,0.0004438128781874882,0.001102627012956561
196,1.2870147307546123,1.0412295649578063,6.285618692291319,0.021422502576304348,0.00012437684077628135,-0.002346708275728982
197,1.2872277684920808,1.041229258195451,6.285611280136471,0.02118516572302814,-0.0001857290185441129,0.0008642773061719194
198,1.2874384339302962,1.0412258147220235,6.285604171246758,0.020948037774557535,-0.0005029653861054419,-0.002286055248850142
199,1.2876467341253364,1.041219239750521,6.285595930778506,0.020712135540701174,-0.0008120285902090019,0.0006379615981641241
200,1.2878526770014511,1.04120954071766,6.285587979123381,0.020476569273348812,-0.0011277776699501734,-0.0022282926231569273
201,1.2880562704399872,1.0411967198974843,6.2855789561086794,0.020242265496038653,-0.001436386012706567,0.00042368968266565473
202,1.2882575231434856,1.0411807819485972,6.28557020619589,0.020008417805648236,-0.0017512034237128634,-0.002173672240603795
203,1.2884564437730022,1.0411617269596154,6.285560445274434,0.019775867186681655,-0.0020597939941683374,0.00022148794929465097
204,1.288653041764012,1.0411395575247313,6.285550940481917,0.019543885920685768,-0.0023740926153300243,-0.002122446452878215
205,1.2888473265130216,1.0411142722307543,6.285540485102761,0.01931323428847877,-0.0026829657780916764,3.137062180813514e-05
206,1.2890393081444225,1.0410858722539222,6.2855302677456795,0.01908325851070854,-0.002997029196785879,-0.0020748420380294957
207,1.2892289967471768,1.0410543552953773,6.285519160120391,0.018854643077131084,-0.0033063620888469343,-0.00014668301947618812
208,1.289416403091939,1.0410197216956456,6.2855082715042965,0.01862680333432119,-0.0036203574441562615,-0.002031040200020874
209,1.2896015379183472,1.0409819688215778,6.28549655257613,0.018400352946544848,-0.003930216926998178,-0.0003127454335667407
210,1.2897844126020463,1.0409410966991404,6.285485033036424,0.018174771534876996,-0.0042442071275815,-0.0019911625073927384
211,1.289965038492758,1.0408971028504783,6.285472742464593,0.017950606922485547,-0.004554562145547153,-0.00046695185849662487
212,1.290143427531222,1.040849987450241,6.285460631393064,0.017727398152691417,-0.004868517451450953,-0.001955262447589379
213,1.2903195916378087,1.0407997486068195,6.2854478075507885,0.01750563217037459,-0.005179250758736357,-0.0006095060072374627
214,1.2904935432798295,1.0407463870520777,6.285435143410358,0.017284902630106284,-0.0054930597237904605,-0.00192332207884511
215,1.2906652949100013,1.0406899018562599,6.285421823394828,0.017065640496294845,-0.005803978952920824,-0.0007406810270165895
216,1.2908348594850314,1.0406302946654504,6.285408643724327,0.01684748930868657,-0.0061174587298380954,-0.0018952530731634885
217,1.291002249952803,1.0405675658353895,6.285394863376606,0.016630828840462644,-0.006428306784705178,-0.0008608164711623881
218,1.2911674797235675,1.040501718235018,6.2853812047873765,0.016415347918005096,-0.0067412127991308005,-0.0018709013746602938
219,1.2913305622043,1.0404327537806666,6.285366998720031,0.016201379762590274,-0.007051677564442006,-0.0009703120945359313
220,1.2914915112242331,1.0403606768275053,6.2853528968864865,0.015988654055653185,-0.007363712567965867,-0.0018500546145203136
221,1.2916503406144557,1.0402854910824089,6.2853382985167805,0.015777461918715437,-0.0076734359374445,-0.001069619326803028
222,1.2918070645898776,1.0402072026079312,6.285323788162951,0.015567569658241938,-0.00798425845051527,-0.0018324514392323537
223,1.291961697371811,1.0401258170897105,6.285308829749566,0.015359230529168742,-0.008292844674073532,-0.001159231238049508
224,1.2921142535287502,1.0400413424796306,6.285293944633605,0.015152243463231888,-0.008602076828397085,-0.0018177919543166485
225,1.2922647476394267,1.039953786591873,6.285278657314995,0.014946827837471683,-0.0089091001997051,-0.001239671767899246
226,1.2924131945950046,1.0398631594132761,6.28526343021321,0.014742811461572074,-0.00921633500206009,-0.0018057485890103024
227,1.2925596092999052,1.0397694710011287,6.285247844046003,0.014540383560070586,-0.009521346901370511,-0.0013114848523592963
228,1.2927040069381832,1.0396727334893614,6.28523230673798,0.014339397341165726,-0.009826154931599941,-0.001795976752399836
229,1.2928464027092925,1.0395729592607093,6.285216450734253,0.014140015326902263,-0.010128690271893753,-0.001375223993241081
230,1.2929868120614945,1.039470162677382,6.2852006339897954,0.01394211292134773,-0.010430625871929096,-0.0017881248978695973
231,1.2931252504596857,1.0393643585008812,6.28518453615152,0.013745829112802118,-0.010730208901584215,-0.0014314427574350674
232,1.2932617335887073,1.039255563375215,6.285168469719445,0.013551058578190344,-0.01102881571021522,-0.0017818436573024596
233,1.2933962771503646,1.039143794467801,6.285152157068881,0.013357919659936369,-0.011324965247395258,-0.0014806864560035393
234,1.2935288970394792,1.0390290707322956,6.28513586967665,0.013166323661516096,-0.011619781333570844,-0.001776791990026239
235,1.2936596091672699,1.0389114117455407,6.285119368296888,0.01297637089051862,-0.011912015494939848,-0.0015234839625312528
236,1.2937884296129225,1.0387908387756548,6.285102887643313,0.0127879869005454,-0.01220257796476593,-0.001772646752478333
237,1.2939153744706113,1.0386673737914067,6.285086222688231,0.01260125630976167,-0.012490418366242014,-0.0015603442640846402
238,1.2940404599792334,1.038541040359541,6.285069575441761,0.012416116803985605,-0.012776267493208659,-0.001769105030363274
239,1.294163702390482,1.0384118628046277,6.285052771165403,0.012232639403096967,-0.013059242975545048,-0.001591750241086016
240,1.294285118079247,1.0382798669577973,6.285035982971488,0.012050772051511765,-0.013339925881659241,-0.0017658885418816433
241,1.2944047234303084,1.038145079446958,6.285019062747726,0.01187057402340844,-0.013617575777931198,-0.001618156210453409
242,1.2945225349317384,1.0380075283171466,6.285002158236629,0.011692001876333678,-0.01389264968121268,-0.0017627460089554487
243,1.294638569077957,1.0378672424329132,6.284985144576181,0.011515104769863498,-0.014164526663895031,-0.0016399860806516587
244,1.2947528424482946,1.0377242519885146,6.28496814737369,0.011339846439737115,-0.014433561719425352,-0.0017594544175054405
245,1.2948653716243348,1.037578588006174,6.28495106193895,0.011166267358641978,-0.014699234254388877,-0.0016576325306089054
246,1.294976173255603,1.0374302827524018,6.284933994679661,0.010994337197762123,-0.014961816011114062,-0.001755819327149892
247,1.295085263989321,1.037279369317684,6.284916858297734,0.010824088985742084,-0.015220870446145467,-0.001671457058394462
248,1.2951926605249933,1.0371258819533344,6.284899742640414,0.010655497260177118,-0.015476601942930898,-0.001751674405532497
249,1.2952983795548814,1.036969855719943,6.284882575314811,0.010488588682054137,-0.015728644257865673,-0.0016817907153229704
250,1.295402437809082,1.036811326757379,6.284865431959542,0.010323341741901068,-0.01597714778276413,-0.0017468803385431682
251,1.2955048520052077,1.0366503319915812,6.2848482528804555,0.010159777660676958,-0.016221804908473463,-0.0016889354788832802
252,1.2956056388853683,1.0364869093489626,6.284831101587745,0.00999787810637916,-0.01646272315245951,-0.0017413230631699605
253,1.2957048151737254,1.0363210975103412,6.284813929145403,0.009837659656407469,-0.01669964411330242,-0.0016931654054106638
254,1.2958023976066217,1.036152936078532,6.284796788754332,0.009679106502588972,-0.016932641795527417,-0.0017349128085701248
255,1.2958984028968368,1.0359824653729168,6.284779640542221,0.00952223125960354,-0.017161498879155572,-0.0016947296135854338
256,1.2959928477579474,1.0358097265591464,6.28476252899069,0.009367020095392536,-0.01738626343228487,-0.0017275806927233204
257,1.2960857488742654,1.0356347614769899,6.284745421821305,0.0092134822417658,-0.01760675256124896,-0.0016938531843450047
258,1.2961771229203696,1.035457612738169,6.284728356168775,0.009061605387428588,-0.017822994770932944,-0.0017192773215455302
259,1.2962669865358418,1.0352783235815124,6.2847113060812605,0.008911395873999703,-0.01803483613352917,-0.001690740181090142
260,1.2963553563407852,1.0350969379454458,6.284694302526765,0.008762842534935344,-0.018242290658784733,-0.0017099707179350702
261,1.2964422489145966,1.0349135003457337,6.284677324797896,0.008615949239054883,-0.018445228867980383,-0.0016855750558529407
262,1.2965276808081647,1.0347280559272802,6.284660398703232,0.00847070565640751,-0.01864365441294585,-0.001699643877225016
263,1.2966116685260285,1.0345406503603751,6.284643507858437,0.008327113536072702,-0.018837458563854693,-0.0016785250819866429
264,1.2966942285358478,1.0343513298758773,6.284626673768585,0.00818516313431114,-0.01902663793745365,-0.0016882928886139594
265,1.2967753772533976,1.0341601411762542,6.284609883593587,0.008044854378817244,-0.01921110159458135,-0.0016697421112598834
266,1.2968551310498084,1.0339671314573136,6.284593155257395,0.007906177910535182,-0.01939084180687498,-0.0016759251272569393
267,1.2969335062389336,1.0337723483299448,6.284576478810141,0.007769132088123165,-0.019565783286009383,-0.0016593643232127885
268,1.2970105190827763,1.0335758398313397,6.284559869199114,0.0076337077766098485,-0.01973591606009531,-0.0016625578824289323
269,1.2970861857808327,1.0333776543611075,6.2845433188165,0.007499901977578435,-0.01990117761730393,-0.001647518640246458
270,1.297160522474059,1.033177840684708,6.284526840152846,0.007367705653460422,-0.020061557299454896,-0.0016482140910082893
271,1.2972335452358579,1.0329764478757426,6.284510427481067,0.007237114628378274,-0.02021700413644574,-0.0016343202645798468
272,1.2973052700748853,1.0327735253129735,6.284494091251485,0.0071081198646035775,-0.020367508066132047,-0.001632925651481336
273,1.2973757129274044,1.0325691226294713,6.284477827244212,0.006980716161286931,-0.020513028288992704,-0.0016198758028479643
274,1.2974448896591746,1.0323632897047195,6.284461644221743,0.006854894406133698,-0.020653556321912476,-0.0016167286909642396
275,1.2975128160589486,1.0321560766194116,6.284445539159698,0.006730648502676661,-0.020789060406162532,-0.001604283717856414
276,1.297579507839635,1.031947533644067,6.284429519423853,0.006607969208891837,-0.020919534335174232,-0.0015996634510841133
277,1.2976449806327515,1.0317377111984776,6.284413582930211,0.006486849642964915,-0.021044954460998935,-0.001587635277355647
278,1.2977092499890313,1.0315266598355102,6.284397735888596,0.006367280394202832,-0.021165317816704863,-0.0015817730460557075
279,1.2977723313736929,1.031314430185975,6.284381976952075,0.006249253894010733,-0.02128061178034698,-0.0015700142581391927
280,1.297834240166617,1.0311010729435748,6.284366311334301,0.0061327605359437895,-0.0213908363954872,-0.0015631092965914283
281,1.2978949916582692,1.0308866388488545,6.2843507382694765,0.006017792141160667,-0.021495982250216265,-0.0015515036683461678
282,1.2979546010495424,1.0306711786718812,6.284335262215923,0.005904338888749734,-0.021596052851792825,-0.0015437070425268924
283,1.2980130834482322,1.030454743181702,6.28431988280199,0.005792392059141814,-0.021691044897106077,-0.0015321757439917011
284,1.2980704538686731,1.0302373831284288,6.284304603817921,0.005681941611449535,-0.021780965476261814,-0.001523621069810465
285,1.2981267272286925,1.0300191492150141,6.284289425208197,0.005572978348093558,-0.02186581693105356,-0.001512100874881127
286,1.298181918349086,1.0298000920789185,6.284274350203583,0.005465492006481183,-0.021945610018030186,-0.0015029000479933772
287,1.2982360419509786,1.0295802622659587,6.284259378975971,0.005359472965148802,-0.02202035230939507,-0.0014913454744737013
288,1.2982891126551954,1.0293597102118834,6.2842445142849295,0.0052549107431881775,-0.022090058246650647,-0.001481592733786189
289,1.2983411449799707,1.0291384862180326,6.284229756459198,0.005151795343190371,-0.022154740269909254,-0.0014699724122894165
290,1.298392153340258,1.0289166404330425,6.284215107859111,0.005050116073296428,-0.022214416479815192,-0.001459747605447398
291,1.2984421520457432,1.0286942228301095,6.2842005689144065,0.004949862602943661,-0.022269103863758216,-0.0014480413351269858
292,1.2984911553001248,1.0284712831889922,6.284186141644823,0.0048510240397249965,-0.022318824122102794,-0.0014374125812380732
293,1.2985391771993895,1.028247871074707,6.284171826537252,0.004753589758419457,-0.022363598502445983,-0.0014256089331264113
294,1.2985862317310972,1.028024035819958,6.284157625318694,0.0046575486787447835,-0.02240345222008834,-0.001414634778256747
295,1.2986323327728824,1.0277998265051291,6.284143538498985,0.00456288991570999,-0.02243841052342004,-0.001402729162999613
296,1.2986774940917636,1.0275752919416177,6.284129567551391,0.004469602215417377,-0.022468501961682923,-0.0013914603562915151
297,1.2987217293428446,1.0273504806544023,6.284115712982387,0.004377674464704219,-0.022493755269125254,-0.0013794534445223168
298,1.2987650520686653,1.0271254408653274,6.284101976045643,0.004287095251602992,-0.022514202338373375,-0.0013679339042468976
299,1.298807475698084,1.0269002204741537,6.284088357222608,0.0041978532643164755,-0.02252987569385712,-0.0013558307029529505
300,1.2988490135456778,1.0266748670427308,6.2840748575697045,0.004109936949189987,-0.02254081039283219,-0.001344099877973878
301,1.298889678810789,1.0264494277783232,6.284061477531536,0.004023334822834288,-0.02254704229555924,-0.001331907755936078
302,1.2989294844757195,1.0262240657026944,6.28404821778451,0.003938015008023904,-0.02252537264159838,-0.0013200416494271495
303,1.2989684433607682,1.0259989990206921,6.284035078078518,0.003853976917804801,-0.022487963574688154,-0.0013078995488138762
304,1.2990065682508136,1.0257743559322707,6.284022058306734,0.0037712140672044843,-0.022440653930001095,-0.0012960548082021925
305,1.2990438718526782,1.0255502213771925,6.2840091579932436,0.0036897173427640753,-0.022386256910426245,-0.001284007889850893
306,1.299080366775362,1.0253266593965773,6.283996376950918,0.0036094762920663736,-0.022326139041783554,-0.0012722005755340376
307,1.2991160655207519,1.025103723824231,6.283983714727747,0.003530479950773606,-0.02226097526073819,-0.001260244058175885
308,1.2991509804795298,1.0248814633928411,6.283971171092985,0.003452717039387107,-0.022191110854608648,-0.0012484828940448158
309,1.2991851239293075,1.024659924169114,6.283958745604849,0.003376176226915042,-0.02211673373238945,-0.0012366147332159478
310,1.2992185080340122,1.024439150712114,6.283946437995563,0.0033008461049337284,-0.022037957513065778,-0.0012249071241559458
311,1.2992511448436872,1.0242191866207475,6.283934247832271,0.0032267153081387764,-0.02195486060956758,-0.0012131255342197628
312,1.299283046294653,1.024000074789955,6.283922174816793,0.003153772454624823,-0.02186750540217805,-0.001201477561443674
313,1.299314224209691,1.0237818575272721,6.283910218522233,0.0030820062208617403,-0.021775946991410288,-0.0011897813505112784
314,1.2993446902983725,1.0235645766030876,6.2838983786255564,0.0030114052866262783,-0.021680237706124608,-0.0011781979848593232
315,1.2993744561573328,1.0233482732877115,6.283886654697435,0.0029419583866577225,-0.0215804252333164,-0.0011665876394110087
316,1.2994035332704363,1.0231329886568021,6.283875046326505,0.0028736542320115946,-0.021476500816422394,-0.0011550865463307008
317,1.2994319330091428,1.022918763577869,6.28386355343253,0.002806481624931772,-0.021368514841490903,-0.001143492248776517
318,1.2994596666328362,1.0227056384108286,6.283852175421546,0.0027404293565726438,-0.021256518441345237,-0.0011321099480691755
319,1.299486745289294,1.0224936530608502,6.28384091177778,0.0026754863131998596,-0.02114055143238404,-0.0011206188051520103
320,1.2995131800151476,1.0222828469772145,6.283829762261426,0.0026116413749727816,-0.02102066517601198,-0.0011092844655059585
321,1.2995389817361789,1.0220732590895016,6.283818726354071,0.0025488834959209476,-0.020896912251151135,-0.0010978970055594737
322,1.299564161267764,1.0218649277970187,6.283807803706825,0.002487201638574073,-0.0207693461332037,-0.0010866324437999442
323,1.299588729315216,1.0216578909610523,6.283796993865058,0.0024265848293567216,-0.020638020950865726,-0.0010753359090206022
324,1.2996126964741885,1.0214521858975647,6.283786296466164,0.002367022108437088,-0.020502991640524965,-0.0010641438701551275
325,1.2996360732310213,1.0212478493700885,6.28377571106325,0.0023085025740503798,-0.020364313751494133,-0.0010529367124968393
326,1.2996588699631373,1.0210449175830347,6.283765237280776,0.0022510153438383023,-0.020222043558921435,-0.0010418197824306735
327,1.2996810969394,1.0208434261751944,6.28375487467819,0.002194549589063406,-0.020076237911640947,-0.0010307007346209802
328,1.2997027643205084,1.020643410213625,6.283744622870373,0.002139094504744899,-0.019926954307505986,-0.0010196608292399197
329,1.2997238821593586,1.0204449041877608,6.283734481422266,0.0020846393360402287,-0.019774250773284662,-0.0010086287921644886
330,1.2997444604014365,1.0202479420038764,6.283724449942059,0.0020311733551721628,-0.01961818591419405,-0.0009976672496501576
331,1.299764509013632,1.0200523086624378,6.283714584299454,0.0019787105675538336,-0.01950848228732371,-0.0009754612714340477
332,1.2997840378253258,1.0198577885493816,6.283704601908709,0.0019272151712568795,-0.019395540238244354,-0.0010210168777739798
333,1.2998030565931586,1.019664413777958,6.28369487572518,0.0018766976066741045,-0.019279413964534912,-0.000924219827993042
334,1.2998215748615325,1.0194722155604263,6.283685310643692,0.0018271126471631552,-0.01916022946271443,-0.000988796469412
335,1.299839602017816,1.0192812246422462,6.28367580722524,0.001778474184111925,-0.01903795409629032,-0.0009118872209579702
336,1.2998571473744114,1.019091471315896,6.283666451778507,0.0017307502917649725,-0.018912711099321612,-0.0009592021255933898
337,1.2998742201125748,1.0189029852567895,6.28365716782147,0.0016839493319797398,-0.01878450064969538,-0.000897589281656597
338,1.299890829332446,1.0187157956085144,6.283648021737005,0.0016380443805741355,-0.0186534289352741,-0.0009316276112845374
339,1.2999069840098254,1.0185299308999378,6.283638954488625,0.0015930395471771355,-0.01851951271199035,-0.0008818220647796008
340,1.299922693034821,1.0183454191139476,6.283630017142517,0.0015489117811274553,-0.01838284442027424,-0.000905647156657324
341,1.2999379651786123,1.0181622876412493,6.283621164128027,0.0015056619295478629,-0.01824345005552699,-0.0008649557416097547
342,1.2999528091233075,1.017980563333502,6.2836124347046605,0.0014632699422286804,-0.01810141143219861,-0.0008809289320028858
343,1.299967233436412,1.0178002724702704,6.283603793685025,0.0014217341676711285,-0.017956761154347724,-0.0008472749952241551
344,1.299981246593908,1.0176214407988096,6.283595271222664,0.0013810368829008835,-0.017809573080038808,-0.000857217477057428
345,1.299994856960665,1.017444093512716,6.283586840140636,0.001341174526961078,-0.017659884082695525,-0.0008289989283333797
346,1.300008072808286,1.017268255285789,6.2835785235753425,0.001302131184000842,-0.01750776124855938,-0.0008343141302849039
347,1.3000209023000984,1.0170939502624237,6.283570300529345,0.001263901837046617,-0.017353243372061334,-0.0008102950693410504
348,1.300033353504963,1.01692120208474,6.283562188735426,0.0012264719757799252,-0.017196392114065807,-0.0008120637144640708
349,1.3000454343857921,1.0167500338797217,6.283554171961193,0.001189835476887223,-0.017037248840595147,-0.0007912911319855781
350,1.3000571528102474,1.0165804682800441,6.2835462637745945,0.0011539789256675061,-0.016875871047699793,-0.0007903461877933796
351,1.3000685165419719,1.0164125274196085,6.283538451620504,0.0011188953609636474,-0.016712300993758485,-0.0007720846300828372
352,1.3000795332488861,1.0162462329511446,6.283530745867225,0.001084572223775062,-0.01654659265498199,-0.0007690660258046172
353,1.3000902104965035,1.0160816060446578,6.283523136793989,0.0010510019208877347,-0.016378788599872355,-0.000752748620862848
354,1.3001005557543721,1.0159186674021257,6.28351563231034,0.0010181725635405928,-0.016208939865524175,-0.0007481481090941418
355,1.3001105763909926,1.0157574372579805,6.283508224882181,0.0009860760841120537,-0.01603708892383213,-0.0007333375224980584
356,1.3001202796788265,1.0155979353914846,6.283500920531974,0.0009547011203859451,-0.015863284337155347,-0.0007275325188147183
357,1.3001296727904448,1.0154401811285434,6.283493713413624,0.0009240392507049935,-0.015687568214203928,-0.0007138911513009654
358,1.3001387628024268,1.015284193351944,6.283486608103402,0.0008940795278125104,-0.015509987070242218,-0.0007071708928699637
359,1.3001475566924487,1.01512999050412,6.283479600059303,0.000864813267570819,-0.015330582460363182,-0.0006944379272758668
360,1.3001560613423244,1.014977590596751,6.283472692751385,0.0008362298506911843,-0.015149398980497797,-0.0006870236564568107
361,1.3001642835358131,1.0148270112141335,6.283465882647154,0.0008083203998230836,-0.014966477511251958,-0.0006749971896337816
362,1.300172229960993,1.0146782695211336,6.283459172372305,0.000781074555572318,-0.014781861058350795,-0.0006670577803938329
363,1.3001799072086127,1.0145313822667592,6.283452559176859,0.0007544832994440829,-0.014595589787273516,-0.0006555813086998619
364,1.3001873217739515,1.0143863657910934,6.283446045044404,0.0007285364783417588,-0.014407705317733027,-0.0006472451826129234
365,1.3001944800555802,1.0142432360289424,6.283439627833473,0.0007032249713344514,-0.01421824708534292,-0.0006361970037295747
366,1.3002013883568155,1.0141020085158952,6.283433309041426,0.0006785387890663881,-0.014027255498131433,-0.0006275614058159696
367,1.3002080528847937,1.0139626983919117,6.283427087001823,0.0006544687365288135,-0.013834769273607796,-0.0006168465147511481
368,1.3002144797516066,1.0138253204066345,6.28342096284606,0.000631004953971369,-0.013640827757868993,-0.0006079846375527327
369,1.3002206749736052,1.0136898889228352,6.283414935280469,0.0006081381926288578,-0.013445468979059417,-0.0005975284808568494
370,1.300226644472282,1.0135564179210805,6.283409005163293,0.0005858586946205516,-0.01324873134991105,-0.0005884949543318688
371,1.3002323940737477,1.0134249210030022,6.283403171495367,0.0005641571714929483,-0.013050652244666392,-0.000578238630802962
372,1.3002379295094093,1.0132954113953958,6.2833974349335175,0.0005430239443488007,-0.012851269256381375,-0.0005690737390242709
373,1.3002432564155708,1.0131679019532323,6.283391794713248,0.0005224496942367161,-0.012650619156986082,-0.0005589703145671779
374,1.3002483803339493,1.0130424051632818,6.283386251345387,0.0005024248020165113,-0.012448738814643144,-0.0005497032577464879
375,1.300253306711356,1.0129189331469224,6.283380804254492,0.00048293992361288403,-0.012245664439554296,-0.0005397149212657446
376,1.300258040900083,1.012797497665896,6.283375453848063,0.000463985483071055,-0.012041431748824745,-0.0005303663648570054
377,1.3002625881576404,1.0126781101293383,6.283370199705454,0.0004455521134240538,-0.01183607554651848,-0.0005204621570053721
378,1.300266953647029,1.0125607815939528,6.283365042165452,0.00042763026759190005,-0.011629631515225523,-0.0005110458435022858
379,1.3002711424365159,1.0124455227618272,6.283359980933393,0.0004102105559744826,-0.011422134895122263,-0.000501200568272482
380,1.3002751594998123,1.0123323439830558,6.2833550163028455,0.00039328344758278114,-0.0112136208451659,-0.0004917255412798079
381,1.3002790097158659,1.0122212552579812,6.283350148088331,0.0003768395283286652,-0.011004124156308283,-0.00048191736155223867
382,1.300282697868955,1.0121122662395325,6.283345376559339,0.0003608692713845095,-0.010793679520789707,-0.00047238843703309994
383,1.3002862286484675,1.0120053863585665,6.283340701613591,0.0003453632312400725,-0.010582296660285323,-0.00046260071258395503
384,1.3002896066489245,1.0119006248600224,6.283336123546273,0.0003303118735605342,-0.010370003037132033,-0.0004530127510424627
385,1.300292836369765,1.0117979906620695,6.283331642331902,0.0003157057215398049,-0.01015683654254172,-0.0004432301229798669
386,1.300295922215323,1.0116974923021975,6.2833272582155875,0.00030153522666299514,-0.009942835421502571,-0.00043359314017076976
387,1.300298868494617,1.011599137932712,6.28332297126221,0.00028779087731085835,-0.009728038465757432,-0.000423797535020471
388,1.3003016794212494,1.0115029353118865,6.283318781745059,0.0002744630982283881,-0.00951248569002321,-0.0004141058952875794
389,1.3003043591131587,1.0114088917860646,6.283314689793438,0.0002615423346182366,-0.009296219465535124,-0.00040428442922850195
390,1.3003069115924688,1.0113170142531522,6.283310695701546,0.00024901897515189456,-0.009079287108555247,-0.00039453394929889337
391,1.3003093407852184,1.0112273090873707,6.283306799658265,0.00023688341641095464,-0.008861746039962658,-0.0003846747068632687
392,1.300311650521172,1.0111397819839614,6.283303001983962,0.00022512600429080282,-0.008643674634562998,-0.0003748601537170708
393,1.3003138445335454,1.0110544376382606,6.2832993029232584,0.00021373708476345464,-0.008425194498544833,-0.0003649519869843337
394,1.300315926458816,1.0109712790827012,6.283295702826572,0.00020270696215763856,-0.008206516606675957,-0.0003550673504240175
395,1.3003178998365212,1.0108903063172996,6.283292201991113,0.0001920259449675813,-0.007988036467424577,-0.0003450997411375496
396,1.300319768109223,1.0108115134815263,6.283288800799958,0.00018168432813208906,-0.007770530681374079,-0.00033513848999148534
397,1.3003215346226848,1.0107348830149567,6.2832854995999,0.0001716724571261162,-0.007555562627058538,-0.0003251015215027363
398,1.3003232026266116,1.0106603736020483,6.283282298807632,0.00016198077276020697,-0.0073463199494777824,-0.0003150569322473375
399,1.3003247752764295,1.010587895286161,6.283279198815244,0.00015259997746023697,-0.0071493432230034255,-0.00030494154506594386
400,1.3003262556372628,1.0105172580990227,6.283276200069789,0.0001435213042569123,-0.006978094200081899,-0.000294807546241059
